text	motif
16	когда облонский узнал что поезд на котором приехала анна раздавил сцепщика он в смятении побежал к месту происшествия и потом страдая морщась готовый заплакать все повторял ах анна если бы ты видела
21	на другой день по их приезде пошел проливной дождь и ночью потекло в коридоре и в детской так что кроватки перенесли в гостиную
21	это стало особенно ощутимым когда долли с детьми приехала в имение на другой день по их приезде пошел проливной дождь и ночью потекло в коридоре и в детской так что кроватки перенесли в гостиную
21	на другой день по их приезде пошел проливной дождь и ночью потекло в коридоре и в детской так что кроватки перенесли в гостиную
60	дело было прочтено степан аркадьич встал потянувшись и отдавая дань либеральности времени в присутствии достал папироску и пошел в свой кабинет
61	ну пойдем в кабинет сказал степан аркадьич знавший самолюбивую и озлобленную застенчивость своего приятеля и схватив его за руку он повлек его за собой как будто проводя между опасностями
61	ну пойдем в кабинет сказал степан аркадьич знавший самолюбивую и озлобленную застенчивость своего приятеля и схватив его за руку он повлек его за собой как будто проводя между опасностями
76	речь шла о модном вопросе есть ли граница между психическими и физиологическими явлениями в деятельности человека и где она
76	речь шла о модном вопросе есть ли граница между психическими и физиологическими явлениями в деятельности человека и где она
83	он шел по дорожке к катку и говорил себе надо не волноваться надо успокоиться
83	ix в 4 часа чувствуя свое бьющееся сердце левин слез с извозчика у зоологического сада и пошел дорожкой к горам и катку наверное зная что найдет ее там потому что видел карету щербацких у подъезда
83	он шел по дорожке к катку и говорил себе надо не волноваться надо успокоиться
83	чувствуя свое бьющееся сердце левин слез с извозчика у зоологического сада и пошел дорожкой к горам и катку наверное зная что найдет ее там потому что видел карету щербацких у подъезда
89	подумал левин и побежал к старой француженке с седыми букольками сидевшей на скамейке
89	подумал левин и побежал к старой француженке с седыми букольками сидевшей на скамейке
146	он извинился и пошел было в вагон но почувствовал необходимость еще раз взглянуть на нее не потому что она была очень красива не по тому изяществу и скромной грации которые видны были во всей ее фигуре но потому что в выражении миловидного лица когда она прошла мимо его было что-то особенно ласковое и нежное
146	xviii вронский пошел за кондуктором в вагон и при входе в отделение остановился чтобы дать дорогу выходившей даме
146	он извинился и пошел было в вагон но почувствовал необходимость еще раз взглянуть на нее не потому что она была очень красива не по тому изяществу и скромной грации которые видны были во всей ее фигуре но потому что в выражении миловидного лица когда она прошла мимо его было что-то особенно ласковое и нежное
158	ну пойдем я тебя проведу в твою комнату продолжала она стараясь отдалить сколько возможно минуту объяснения
158	ну пойдем я тебя проведу в твою комнату
158	ну пойдем я тебя проведу в твою комнату продолжала она стараясь отдалить сколько возможно минуту объяснения
165	ну пойдем я тебя проведу в твою комнату
165	ну пойдем я тебя проведу в твою комнату сказала она вставая и по дороге долли обняла анну
211	один этот вопрос ввел левина во все подробности хозяйства которое было большое и сложное и он прямо из коровника пошел в контору и поговорив с приказчиком и с семеном рядчиком вернулся домой и прямо прошел наверх в
216	после обеда анна пошла одеваться в свою комнату и долли
224	она чувствовала что глаза ее раскрываются больше и больше что пальцы на руках и ногах нервно движутся что в груди что-то давит дыханье и что все образы и звуки в этом колеблющемся полумраке с необычайною
245	чтобы совершенно успокоиться она пошла в детскую и весь вечер провела с сыном сама уложила его спать перекрестила и покрыла его одеялом
245	чтобы совершенно успокоиться она пошла в детскую и весь вечер провела с сыном сама уложила его спать перекрестила и покрыла его одеялом
247	допив со сливками и хлебом свой второй стакан чая алексей александрович встал и пошел в свой кабинет
247	допив со сливками и хлебом свой второй стакан чая алексей александрович встал и пошел в свой кабинет
289	дело было прочтено степан аркадьич встал потянувшись и отдавая дань либеральности времени в присутствии достал папироску и пошел в свой кабинет
289	когда дело было прочтено степан аркадьич встал потянувшись и отдавая дань либеральности времени в присутствии достал папироску и пошел в свой кабинет
291	ну пойдем в кабинет сказал степан аркадьич знавший самолюбивую и озлобленную застенчивость своего приятеля и схватив его за руку он повлек его за собой как будто проводя между опасностями
291	ну пойдем в кабинет сказал степан аркадьич знавший самолюбивую и озлобленную застенчивость своего приятеля и схватив его за руку он повлек его за собой как будто проводя между опасностями
306	речь шла о модном вопросе есть ли граница между психическими и физиологическими явлениями в деятельности человека и где она
306	речь шла о модном вопросе есть ли граница между психическими и физиологическими явлениями в деятельности человека и где она
315	он шел по дорожке к катку и говорил себе надо не волноваться надо успокоиться
315	он шел по дорожке к катку и говорил себе надо не волноваться надо успокоиться
315	чувствуя свое бьющееся сердце левин слез с извозчика у зоологического сада и пошел дорожкой к горам и катку наверное зная что найдет ее там потому что видел карету щербацких у подъезда
321	подумал левин и побежал к старой француженке с седыми букольками сидевшей на скамейке
321	подумал левин и побежал к старой француженке с седыми букольками сидевшей на скамейке
383	он извинился и пошел было в вагон но почувствовал необходимость еще раз взглянуть на нее не потому что она была очень красива не по тому изяществу и скромной грации которые видны были во всей ее фигуре но потому что в выражении миловидного лица когда она прошла мимо его было что-то особенно ласковое и нежное
383	он извинился и пошел было в вагон но почувствовал необходимость еще раз взглянуть на нее не потому что она была очень красива не по тому изяществу и скромной грации которые видны были во всей ее фигуре но потому что в выражении миловидного лица когда она прошла мимо его было что-то особенно ласковое и нежное
395	ну пойдем я тебя проведу в твою комнату продолжала она стараясь отдалить сколько возможно минуту объяснения
395	ну пойдем я тебя проведу в твою комнату продолжала она стараясь отдалить сколько возможно минуту объяснения
395	ну пойдем я тебя проведу в твою комнату
402	ну пойдем я тебя проведу в твою комнату
460	после обеда анна пошла одеваться в свою комнату и долли пошла за ней
460	после обеда анна пошла одеваться в свою комнату и долли
468	она чувствовала что глаза ее раскрываются больше и больше что пальцы на руках и ногах нервно движутся что в груди что-то давит дыханье и что все образы и звуки в этом колеблющемся полумраке с необычайною
468	она чувствовала что глаза ее раскрываются больше и больше что пальцы на руках и ногах нервно движутся что в груди что-то давит дыханье и что все образы и звуки в этом колеблющемся полумраке с необычайною яркостью
491	чтобы совершенно успокоиться она пошла в детскую и весь вечер провела с сыном сама уложила его спать перекрестила и покрыла его одеялом
491	чтобы совершенно успокоиться она пошла в детскую и весь вечер провела с сыном сама уложила его спать перекрестила и покрыла его одеялом
493	допив со сливками и хлебом свой второй стакан чая алексей александрович встал и пошел в свой кабинет
493	допив со сливками и хлебом свой второй стакан чая алексей александрович встал и пошел в свой кабинет
507	о уже пора и пошел к двери
507	о уже пора и пошел к двери
557	сказала она скинула башлык и не останавливаясь пошла дальше в уборную
557	сказала она скинула башлык и не останавливаясь пошла дальше в уборную
575	xiii левин надел большие сапоги и в первый раз не шубу а суконную поддевку и пошел по хозяйству шагая через ручьи режущие глаза своим блеском на солнце ступая то на ледок то в липкую грязь
575	раз не шубу а суконную поддевку и пошел по хозяйству шагая через ручьи режущие глаза своим блеском на солнце ступая то на ледок то в липкую грязь
576	пастух весело побежал собираться в поле
576	пастух весело побежал собираться в поле
579	левин сердито махнул рукой пошел к амбарам взглянуть овес и вернулся к конюшне
579	левин сердито махнул рукой пошел к амбарам взглянуть овес и вернулся к конюшне
583	увидав хозяина василий-работник пошел к телеге а мишка принялся рассевать
583	увидав хозяина василий-работник пошел к телеге а мишка принялся рассевать
588	как хотите делайте только поскорей сказал он и пошел к приказчику
588	как хотите делайте только поскорей сказал он и пошел к приказчику
600	и побежал с лаской в чащу отыскивать вальдшнепа
602	он и не пойдет на дело где ему предстоит десять пятнадцать процентов а он ждет чтобы купить за двадцать
604	положительно всю дорогу пешком шел но явился в срок
604	положительно всю дорогу пешком шел но явился в срок
619	пошли ко мне на дом чтобы закладывали поскорей коляску тройкой сказал он слуге подававшему ему бифстек на серебряном горячем блюде и придвинув блюдо стал есть
619	пошли ко мне на дом чтобы закладывали поскорей коляску тройкой сказал он слуге подававшему ему бифстек на серебряном горячем блюде и придвинув блюдо стал есть
620	пойдем в бильярдную сказал он
620	пойдем в бильярдную сказал он
623	пойдем я кончил сказал вронский и встав пошел к двери
623	пойдем я кончил сказал вронский и встав пошел к двери
626	петрицкий пошел за перегородку и лег на свою кровать
626	петрицкий пошел за перегородку и лег на свою кровать
630	в то время когда он шел по коридору мальчик отворил дверь во второй денник налево и вронский увидел рыжую крупную лошадь и белые ноги
630	в то время когда он шел по коридору мальчик отворил дверь во второй денник налево и вронский увидел рыжую крупную лошадь и белые ноги
637	он не пошел на крыльцо с улицы но вошел во двор
637	он не пошел на крыльцо с улицы но вошел во двор
638	и убедившись что она одна и желая застать ее врасплох так как он не обещался быть нынче и она верно не думала что он приедет пред скачками он пошел придерживая саблю и осторожно шагая по песку дорожки обсаженной цветами к террасе выходившей в сад
638	скачками он пошел придерживая саблю и осторожно шагая по песку дорожки обсаженной цветами к террасе выходившей в сад
640	присутствие этого ребенка вызывало во вронском и в анне чувство подобное чувству мореплавателя видящего по компасу что направление по которому он быстро движется далеко расходится с надлежащим но что остановить движение не в его силах что каждая минута удаляет его больше и больше от должного направления и что признаться себе в отступлении все равно что признаться в погибели
640	присутствие этого ребенка вызывало во вронском и в анне чувство подобное чувству мореплавателя видящего по компасу что направление по которому он быстро движется далеко расходится с надлежащим но что остановить движение не в его силах что каждая минута удаляет его больше и больше от должного направления и что признаться себе в отступлении все равно что признаться в погибели
668	он чувствовал что лошадь шла из последнего запаса не только шея и плечи ее были мокры но на загривке на голове на острых ушах каплями выступал пот и она дышала резко и коротко
668	он чувствовал что лошадь шла из последнего запаса не только шея и плечи ее были мокры но на загривке на голове на острых ушах каплями выступал пот и она дышала резко и коротко
670	но она не двигалась а уткнув храп в землю только смотрела на хозяина своим говорящим взглядом
670	но она не двигалась а уткнув храп в землю только смотрела на хозяина своим говорящим взглядом
684	здесь столько блеска что глаза разбежались сказал он и пошел в беседку
684	здесь столько блеска что глаза разбежались сказал он и пошел в беседку
700	и действительно кити видела что она всегда занята или она уводит с вод детей русского семейства или несет плед для больной и укутывает ее или старается развлечь раздраженного больного или выбирает и покупает печенье к кофею для кого-то
700	и действительно кити видела что она всегда занята или она уводит с вод детей русского семейства или несет плед для больной и укутывает ее или старается развлечь раздраженного больного или выбирает и покупает печенье к кофею для кого-то
703	выбрав время когда дочь ее пошла к ключу а варенька остановилась против булочника княгиня подошла к ней
703	выбрав время когда дочь ее пошла к ключу а варенька остановилась против булочника княгиня подошла к ней
722	на другой день по своем приезде князь в своем длинном пальто со своими русскими морщинами и одутловатыми щеками подпертыми крахмаленными воротничками в самом веселом расположении духа пошел с дочерью на воды
722	на другой день по своем приезде князь в своем длинном пальто со своими русскими морщинами и одутловатыми щеками подпертыми крахмаленными воротничками в самом веселом расположении духа пошел с дочерью на воды
734	пойдешь ходить ну подойдешь к лавочке просят купить эрлаухт эксцеленц дурхлаухт
734	пойдешь ходить ну подойдешь к лавочке просят купить эрлаухт эксцеленц дурхлаухт
735	оправившись она простилась и пошла в дом чтобы взять шляпу
735	оправившись она простилась и пошла в дом чтобы взять шляпу
738	кити с гордым видом не помирившись с своим другом взяла со стола коральки в коробочке и пошла к матери
738	кити с гордым видом не помирившись с своим другом взяла со стола коральки в коробочке и пошла к матери
745	о уже пора и пошел к двери
745	о уже пора и пошел к двери
799	сказала она скинула башлык и не останавливаясь пошла дальше в уборную
799	сказала она скинула башлык и не останавливаясь пошла дальше в уборную
819	раз не шубу а суконную поддевку и пошел по хозяйству шагая через ручьи режущие глаза своим блеском на солнце ступая то на ледок то в липкую грязь
819	пастух весело побежал собираться в поле
819	пастух весело побежал собираться в поле
822	левин сердито махнул рукой пошел к амбарам взглянуть овес и вернулся к конюшне
822	левин сердито махнул рукой пошел к амбарам взглянуть овес и вернулся к конюшне
827	увидав хозяина василий-работник пошел к телеге а мишка принялся рассевать
827	увидав хозяина василий-работник пошел к телеге а мишка принялся рассевать
832	как хотите делайте только поскорей сказал он и пошел к приказчику
832	как хотите делайте только поскорей сказал он и пошел к приказчику
841	она летела прямо на него близкие звуки хорканья похожие на равномерное наддирание тугой ткани раздались над самым ухом уже виден стал длинный нос и шея птицы и в ту минуту как левин приложился из-за куста где стоял облонский блеснула красная молния птица как стрела спустилась и взмыла опять кверху
844	вскрикнул левин и побежал с лаской в чащу отыскивать вальдшнепа
844	и побежал с лаской в чащу отыскивать вальдшнепа
847	он и не пойдет на дело где ему предстоит десять пятнадцать процентов а он ждет чтобы купить за двадцать копеек рубль
847	он и не пойдет на дело где ему предстоит десять пятнадцать процентов а он ждет чтобы купить за двадцать
848	положительно всю дорогу пешком шел но явился в срок
848	положительно всю дорогу пешком шел но явился в срок
866	пошли ко мне на дом чтобы закладывали поскорей коляску тройкой сказал он слуге подававшему ему бифстек на серебряном горячем блюде и придвинув блюдо стал есть
866	пошли ко мне на дом чтобы закладывали поскорей коляску тройкой сказал он слуге подававшему ему бифстек на серебряном горячем блюде и придвинув блюдо стал есть
867	пойдем в бильярдную сказал он
867	пойдем в бильярдную сказал он
870	пойдем я кончил сказал вронский и встав пошел к двери
870	пойдем я кончил сказал вронский и встав пошел к двери
873	петрицкий пошел за перегородку и лег на свою кровать
873	петрицкий пошел за перегородку и лег на свою кровать
877	в то время когда он шел по коридору мальчик отворил дверь во второй денник налево и вронский увидел рыжую крупную лошадь и белые ноги
877	в то время когда он шел по коридору мальчик отворил дверь во второй денник налево и вронский увидел рыжую крупную лошадь и белые ноги
885	он не пошел на крыльцо с улицы но вошел во двор
885	он не пошел на крыльцо с улицы но вошел во двор
886	скачками он пошел придерживая саблю и осторожно шагая по песку дорожки обсаженной цветами к террасе выходившей в сад
888	присутствие этого ребенка вызывало во вронском и в анне чувство подобное чувству мореплавателя видящего по компасу что направление по которому он быстро движется далеко расходится с надлежащим но что остановить движение не в его силах что каждая минута удаляет его больше и больше от должного направления и что признаться себе в отступлении все равно что признаться в погибели
888	присутствие этого ребенка вызывало во вронском и в анне чувство подобное чувству мореплавателя видящего по компасу что направление по которому он быстро движется далеко расходится с надлежащим но что остановить движение не в его силах что каждая минута удаляет его больше и больше от должного направления и что признаться себе в отступлении все равно что признаться в погибели
917	он чувствовал что лошадь шла из последнего запаса не только шея и плечи ее были мокры но на загривке на голове на острых ушах каплями выступал пот и она дышала резко и коротко
917	он чувствовал что лошадь шла из последнего запаса не только шея и плечи ее были мокры но на загривке на голове на острых ушах каплями выступал пот и она дышала резко и коротко
919	но она не двигалась а уткнув храп в землю только смотрела на хозяина своим говорящим взглядом
919	но она не двигалась а уткнув храп в землю только смотрела на хозяина своим говорящим взглядом
935	здесь столько блеска что глаза разбежались сказал он и пошел в беседку
935	здесь столько блеска что глаза разбежались сказал он и пошел в беседку
951	и действительно кити видела что она всегда занята или она уводит с вод детей русского семейства или несет плед для больной и укутывает ее или старается развлечь раздраженного больного или выбирает и покупает печенье к кофею для кого-то
951	и действительно кити видела что она всегда занята или она уводит с вод детей русского семейства или несет плед для больной и укутывает ее или старается развлечь раздраженного больного или выбирает и покупает печенье к кофею для кого-то
955	выбрав время когда дочь ее пошла к ключу а варенька остановилась против булочника княгиня подошла к ней
955	выбрав время когда дочь ее пошла к ключу а варенька остановилась против булочника княгиня подошла к ней
976	на другой день по своем приезде князь в своем длинном пальто со своими русскими морщинами и одутловатыми щеками подпертыми крахмаленными воротничками в самом веселом расположении духа пошел с дочерью на воды
976	на другой день по своем приезде князь в своем длинном пальто со своими русскими морщинами и одутловатыми щеками подпертыми крахмаленными воротничками в самом веселом расположении духа пошел с дочерью на воды
988	пойдешь ходить ну подойдешь к лавочке просят купить эрлаухт эксцеленц дурхлаухт
988	пойдешь ходить ну подойдешь к лавочке просят купить эрлаухт эксцеленц дурхлаухт
989	оправившись она простилась и пошла в дом чтобы взять шляпу
989	оправившись она простилась и пошла в дом чтобы взять шляпу
992	кити с гордым видом не помирившись с своим другом взяла со стола коральки в коробочке и пошла к матери
992	кити с гордым видом не помирившись с своим другом взяла со стола коральки в коробочке и пошла к матери
1001	нет мне только на минутку забежать в контору говорил левин и убегал в поле
1001	нет мне только на минутку забежать в контору говорил левин и убегал в поле
1006	деньги мы платим они идут на жалованье а нет ни школ ни фельдшеров ни повивальных бабок ни аптек ничего нет
1006	деньги мы платим они идут на жалованье а нет ни школ ни фельдшеров ни повивальных бабок ни аптек ничего нет
1013	константин левин уже отвлекся стал представлять председателя и алешку-дурачка ему казалось что это все идет к делу
1013	константин левин уже отвлекся стал представлять председателя и алешку-дурачка ему казалось что это все идет к делу
1017	с вечера константин левин пошел в контору сделал распоряжение о работах и послал по деревням вызывать на завтра косцов с тем чтобы косить калиновый луг самый большой
1017	с вечера константин левин пошел в контору сделал распоряжение о работах и послал по деревням вызывать на завтра косцов с тем чтобы косить калиновый луг самый большой и лучший
1021	левин шел за ним стараясь не отставать и ему становилось все труднее и труднее наступала минута когда он чувствовал у него не остается более сил но в это самое время тит останавливался и точил
1021	левин шел за ним стараясь не отставать и ему становилось все труднее и труднее наступала минута когда он чувствовал у него не остается более сил но в это самое время тит останавливался и точил
1023	одни мужики пошли к кафтанам и надели их другие точно так же как левин только радостно пожимали плечами под приятным освежением
1023	одни мужики пошли к кафтанам и надели их другие точно так же как левин только радостно пожимали плечами под приятным освежением
1024	левин отдал косу титу и с мужиками пошедшими к кафтанам за хлебом чрез слегка побрызганные дождем ряды длинного скошенного пространства пошел к лошади
1028	и мальчиков которые с разных сторон чуть видные по высокой траве и по дороге шли к косцам неся оттягивавшие им ручонки узелки с хлебом и заткнутые тряпками кувшинчики с квасом
1028	заходя ряд старик обратил внимание левина на девочек и мальчиков которые с разных сторон чуть видные по высокой траве и по дороге шли к косцам неся оттягивавшие им ручонки узелки с хлебом и заткнутые тряпками кувшинчики с квасом
1033	левин шел за ним и часто думал что он непременно упадет поднимаясь с косою на такой крутой бугор куда и без косы трудно влезть но он взлезал и делал что надо
1033	vi машкин верх скосили доделали последние ряды надели кафтаны и весело пошли к дому
1033	левин шел за ним и часто думал что он непременно упадет поднимаясь с косою на такой крутой бугор куда и без косы трудно влезть но он взлезал и делал что надо
1038	пойдем зайдем и в контору если тебе нужно
1038	пойдем зайдем и в контору если тебе нужно
1042	на другой день по их приезде пошел проливной дождь и ночью потекло в коридоре и в детской так что кроватки перенесли в гостиную
1042	на другой день по их приезде пошел проливной дождь и ночью потекло в коридоре и в детской так что кроватки перенесли в гостиную
1050	потом подъехали к реке поставили лошадей под березками и пошли в купальню
1050	потом подъехали к реке поставили лошадей под березками и пошли в купальню
1067	он пошел на покос и осмотрел стога
1067	он пошел на покос и осмотрел стога
1069	да третий год пошел в филипповки
1069	да третий год пошел в филипповки
1075	пожимаясь от холода левин быстро шел глядя на землю
1075	он вышел из луга и пошел по большой дороге к деревне
1075	он вышел из луга и пошел по большой дороге к деревне
1075	пожимаясь от холода левин быстро шел глядя на землю
1099	она быстро пошла в дом в свой кабинет села к столу и написала мужу после того что произошло я не могу более оставаться в вашем доме
1099	она быстро пошла в дом в свой кабинет села к столу и написала мужу после того что произошло я не могу более оставаться в вашем доме
1100	ничего не нужно сказала она себе и сложив бювар пошла наверх объявила гувернантке и людям что она едет нынче в москву и тотчас принялась за укладку вещей
1100	ничего не нужно сказала она себе и сложив бювар пошла наверх объявила гувернантке и людям что она едет нынче в москву и тотчас принялась за укладку вещей
1109	княгиня тверская шла с тушкевичем и родственницей-барышней к великому счастию провинциальных родителей проводившей лето у знаменитой княгини
1109	княгиня тверская шла с тушкевичем и родственницей-барышней к великому счастию провинциальных родителей проводившей лето у знаменитой княгини
1119	я не пойду сказала лиза улыбаясь и подсаживаясь к анне
1119	вы тоже не пойдете что за охота играть в крокет
1119	тоже не пойдете что за охота играть в крокет
1119	я не пойду сказала лиза улыбаясь и подсаживаясь к анне
1141	россии нужны люди нужна партия иначе все идет и пойдет к собакам
1141	россии нужны люди нужна партия иначе все идет и пойдет к собакам
1147	он остановил кучера не доезжая до аллеи и отворив дверцу на ходу выскочил из кареты и пошел в аллею ведшую к дому
1147	он остановил кучера не доезжая до аллеи и отворив дверцу на ходу выскочил из кареты и пошел в аллею ведшую к дому
1158	ее он хотел встать раздумал потом лицо его вспыхнуло чего никогда прежде не видала анна и он быстро встал и пошел ей навстречу глядя не в глаза ей а выше на ее лоб и прическу
1169	сбежала впереди его за водой к колодцу
1203	правда что на скотном дворе дело шло до сих пор не лучше чем прежде и иван сильно противодействовал теплому помещению коров и сливочному маслу утверждая что корове на холоду потребуется меньше корму и что сметанное масло спорее и требовал жалованья как и в старину и нисколько не интересовался тем что деньги получаемые им были не жалованье а выдача вперед доли барыша
1203	правда что на скотном дворе дело шло до сих пор не лучше чем прежде и иван сильно противодействовал теплому помещению коров и сливочному маслу утверждая что корове на холоду потребуется меньше корму и что сметанное масло спорее и требовал жалованья как и в старину и нисколько не интересовался тем что деньги получаемые им были не жалованье а выдача вперед доли барыша
1211	после наряда то есть распоряжений по работам завтрашнего дня и приема всех мужиков имевших до него дела левин пошел в кабинет и сел за работу
1211	после наряда то есть распоряжений по работам завтрашнего дня и приема всех мужиков имевших до него дела левин пошел в кабинет и сел за работу
1214	сердясь на самого себя за это гадкое чувство левин сбежал в переднюю
1214	сердясь на самого себя за это гадкое чувство левин сбежал в переднюю
1219	он зажег свечу и осторожно встал и пошел к зеркалу и стал смотреть свое лицо и волосы
1219	он зажег свечу и осторожно встал и пошел к зеркалу и стал смотреть свое лицо и волосы
1233	нет мне только на минутку забежать в контору говорил левин и убегал в поле
1233	нет мне только на минутку забежать в контору говорил левин и убегал в поле
1239	деньги мы платим они идут на жалованье а нет ни школ ни фельдшеров ни повивальных бабок ни аптек ничего нет
1239	деньги мы платим они идут на жалованье а нет ни школ ни фельдшеров ни повивальных бабок ни аптек ничего нет
1246	константин левин уже отвлекся стал представлять председателя и алешку-дурачка ему казалось что это все идет к делу
1246	константин левин уже отвлекся стал представлять председателя и алешку-дурачка ему казалось что это все идет к делу
1250	с вечера константин левин пошел в контору сделал распоряжение о работах и послал по деревням вызывать на завтра косцов с тем чтобы косить калиновый луг самый большой
1255	левин шел за ним стараясь не отставать и ему становилось все труднее и труднее наступала минута когда он чувствовал у него не остается более сил но в это самое время тит останавливался и точил
1255	левин шел за ним стараясь не отставать и ему становилось все труднее и труднее наступала минута когда он чувствовал у него не остается более сил но в это самое время тит останавливался и точил
1256	одни мужики пошли к кафтанам и надели их другие точно так же как левин только радостно пожимали плечами под приятным освежением
1256	одни мужики пошли к кафтанам и надели их другие точно так же как левин только радостно пожимали плечами под приятным освежением
1262	и мальчиков которые с разных сторон чуть видные по высокой траве и по дороге шли к косцам неся оттягивавшие им ручонки узелки с хлебом и заткнутые тряпками кувшинчики с квасом
1267	левин шел за ним и часто думал что он непременно упадет поднимаясь с косою на такой крутой бугор куда и без косы трудно влезть но он взлезал и делал что надо
1267	левин шел за ним и часто думал что он непременно упадет поднимаясь с косою на такой крутой бугор куда и без косы трудно влезть но он взлезал и делал что надо
1273	пойдем зайдем и в контору если тебе нужно
1273	пойдем зайдем и в контору если тебе нужно
1276	на другой день по их приезде пошел проливной дождь и ночью потекло в коридоре и в детской так что кроватки перенесли в гостиную
1276	на другой день по их приезде пошел проливной дождь и ночью потекло в коридоре и в детской так что кроватки перенесли в гостиную
1286	потом подъехали к реке поставили лошадей под березками и пошли в купальню
1286	потом подъехали к реке поставили лошадей под березками и пошли в купальню
1304	он пошел на покос и осмотрел стога
1304	он пошел на покос и осмотрел стога
1306	да третий год пошел в филипповки
1306	да третий год пошел в филипповки
1313	он вышел из луга и пошел по большой дороге к деревне
1313	пожимаясь от холода левин быстро шел глядя на землю
1313	пожимаясь от холода левин быстро шел глядя на землю
1313	он вышел из луга и пошел по большой дороге к деревне
1337	она быстро пошла в дом в свой кабинет села к столу и написала мужу после того что произошло я не могу более оставаться в вашем доме
1337	она быстро пошла в дом в свой кабинет села к столу и написала мужу после того что произошло я не могу более оставаться в вашем доме
1338	ничего не нужно сказала она себе и сложив бювар пошла наверх объявила гувернантке и людям что она едет нынче в москву и тотчас принялась за укладку вещей
1338	ничего не нужно сказала она себе и сложив бювар пошла наверх объявила гувернантке и людям что она едет нынче в москву и тотчас принялась за укладку вещей
1348	княгиня тверская шла с тушкевичем и родственницей-барышней к великому счастию провинциальных родителей проводившей лето у знаменитой княгини
1348	княгиня тверская шла с тушкевичем и родственницей-барышней к великому счастию провинциальных родителей проводившей лето у знаменитой княгини
1359	я не пойду сказала лиза улыбаясь и подсаживаясь к анне
1359	я не пойду сказала лиза улыбаясь и подсаживаясь к анне
1360	тоже не пойдете что за охота играть в крокет
1382	россии нужны люди нужна партия иначе все идет и пойдет к собакам
1382	россии нужны люди нужна партия иначе все идет и пойдет к собакам
1388	он остановил кучера не доезжая до аллеи и отворив дверцу на ходу выскочил из кареты и пошел в аллею ведшую к дому
1388	он остановил кучера не доезжая до аллеи и отворив дверцу на ходу выскочил из кареты и пошел в аллею ведшую к дому
1399	увидав ее он хотел встать раздумал потом лицо его вспыхнуло чего никогда прежде не видала анна и он быстро встал и пошел ей навстречу глядя не в глаза ей а выше на ее лоб и прическу
1399	ее он хотел встать раздумал потом лицо его вспыхнуло чего никогда прежде не видала анна и он быстро встал и пошел ей навстречу глядя не в глаза ей а выше на ее лоб и прическу
1411	благовидная молодайка в калошках качая пустыми ведрами на коромысле сбежала впереди его за водой к колодцу
1411	сбежала впереди его за водой к колодцу
1444	одна из главных трудностей была та что хозяйство уже шло что нельзя было остановить все и начать все сначала а надо было на ходу перелаживать машину
1447	правда что на скотном дворе дело шло до сих пор не лучше чем прежде и иван сильно противодействовал теплому помещению коров и сливочному маслу утверждая что корове на холоду потребуется меньше корму и что сметанное масло спорее и требовал жалованья как и в старину и нисколько не интересовался тем что деньги получаемые им были не жалованье а выдача вперед доли барыша
1447	правда что на скотном дворе дело шло до сих пор не лучше чем прежде и иван сильно противодействовал теплому помещению коров и сливочному маслу утверждая что корове на холоду потребуется меньше корму и что сметанное масло спорее и требовал жалованья как и в старину и нисколько не интересовался тем что деньги получаемые им были не жалованье а выдача вперед доли барыша
1453	непогода к вечеру разошлась еще хуже крупа так больно стегала всю вымокшую трясущую ушами и головой лошадь что она шла боком но левину под башлыком было хорошо и он весело поглядывал вокруг себя то на мутные ручьи бежавшие по колеям то на нависшие на каждом оголенном сучке капли то на белизну пятна нерастаявшей крупы на досках моста то на сочный еще мясистый лист вяза который обвалился густым слоем вокруг раздетого дерева
1455	после наряда то есть распоряжений по работам завтрашнего дня и приема всех мужиков имевших до него дела левин пошел в кабинет и сел за работу
1455	после наряда то есть распоряжений по работам завтрашнего дня и приема всех мужиков имевших до него дела левин пошел в кабинет и сел за работу
1459	сердясь на самого себя за это гадкое чувство левин сбежал в переднюю
1459	сердясь на самого себя за это гадкое чувство левин сбежал в переднюю
1465	он зажег свечу и осторожно встал и пошел к зеркалу и стал смотреть свое лицо и волосы
1465	он зажег свечу и осторожно встал и пошел к зеркалу и стал смотреть свое лицо и волосы
1510	пойдем же к жене она так хочет тебя видеть
1510	пойдем же к жене она так хочет тебя видеть
1517	и степан аркадьич встал и пошел вниз к новому начальнику
1517	и степан аркадьич встал и пошел вниз к новому начальнику
1550	он встал и покорно пошел за нею в классную комнату
1550	он встал и покорно пошел за нею в классную комнату
1569	левин пошел к дому щербацких
1569	он пошел назад вошел опять в номер и потребовал кофей
1569	левин пошел к дому щербацких
1572	mademoiselle linon заторопилась и оставив его пошла к другой двери
1572	mademoiselle linon заторопилась и оставив его пошла к другой двери
1587	в нем вид страданий других людей и отворачивая лицо он не дослушав его слов поспешно пошел к двери
1606	присутствие княгини тверской и по воспоминаниям связанным с нею и потому что он вообще не любил ее было неприятно алексею александровичу и он пошел прямо в детскую
1606	присутствие княгини тверской и по воспоминаниям связанным с нею и потому что он вообще не любил ее было неприятно алексею александровичу и он пошел прямо в детскую
1609	но раздумав что это было бы недостойно он опять повернулся и кашлянув пошел к спальне
1609	могла удивиться отчего он по обыкновению не зашел к ней и потому он сделав усилие над собой пошел в спальню
1609	на жену за то что она не заботилась об этом прелестном ребенке и в этом расположении досады на нее не хотелось идти к ней не хотелось тоже и видеть княгиню бетси но жена могла удивиться отчего он по обыкновению не зашел к ней и потому он сделав усилие над собой пошел в спальню
1609	но раздумав что это было бы недостойно он опять повернулся и кашлянув пошел к спальне
1613	xx алексей александрович поклонился бетси в зале и пошел к жене
1613	xx алексей александрович поклонился бетси в зале и пошел к жене
1618	проводив княгиню бетси до сеней еще раз поцеловав ее руку выше перчатки там где бьется пульс и наврав ей еще такого неприличного вздора что она уже не знала сердиться ли ей или смеяться степан аркадьич пошел к сестре
1618	проводив княгиню бетси до сеней еще раз поцеловав ее руку выше перчатки там где бьется пульс и наврав ей еще такого неприличного вздора что она уже не знала сердиться ли ей или смеяться степан аркадьич пошел к сестре
1621	я чувствую что лечу головой вниз в какую-то пропасть но я не должна спасаться
1621	я чувствую что лечу головой вниз в какую-то пропасть но я не должна спасаться
1677	пойдем же к жене она так хочет тебя видеть
1677	пойдем же к жене она так хочет тебя видеть
1686	и степан аркадьич встал и пошел вниз к новому начальнику
1686	и степан аркадьич встал и пошел вниз к новому начальнику
1722	он встал и покорно пошел за нею в классную комнату
1722	он встал и покорно пошел за нею в классную комнату
1741	левин пошел к дому щербацких
1741	левин пошел к дому щербацких
1745	mademoiselle linon заторопилась и оставив его пошла к другой двери
1745	mademoiselle linon заторопилась и оставив его пошла к другой двери
1761	увидав слезы вронского почувствовал прилив того душевного расстройства которое производил в нем вид страданий других людей и отворачивая лицо он не дослушав его слов поспешно пошел к двери
1761	в нем вид страданий других людей и отворачивая лицо он не дослушав его слов поспешно пошел к двери
1781	присутствие княгини тверской и по воспоминаниям связанным с нею и потому что он вообще не любил ее было неприятно алексею александровичу и он пошел прямо в детскую
1781	присутствие княгини тверской и по воспоминаниям связанным с нею и потому что он вообще не любил ее было неприятно алексею александровичу и он пошел прямо в детскую
1784	могла удивиться отчего он по обыкновению не зашел к ней и потому он сделав усилие над собой пошел в спальню
1784	но раздумав что это было бы недостойно он опять повернулся и кашлянув пошел к спальне
1784	но раздумав что это было бы недостойно он опять повернулся и кашлянув пошел к спальне
1788	xx алексей александрович поклонился бетси в зале и пошел к жене
1788	xx алексей александрович поклонился бетси в зале и пошел к жене
1794	проводив княгиню бетси до сеней еще раз поцеловав ее руку выше перчатки там где бьется пульс и наврав ей еще такого неприличного вздора что она уже не знала сердиться ли ей или смеяться степан аркадьич пошел к сестре
1794	проводив княгиню бетси до сеней еще раз поцеловав ее руку выше перчатки там где бьется пульс и наврав ей еще такого неприличного вздора что она уже не знала сердиться ли ей или смеяться степан аркадьич пошел к сестре
1797	я чувствую что лечу головой вниз в какую-то пропасть но я не должна спасаться
1797	я чувствую что лечу головой вниз в какую-то пропасть но я не должна спасаться
1821	как-нибудь устроится подумал он и пошел к амвону
1821	как-нибудь устроится подумал он и пошел к амвону
1843	однако как глупеют люди в этом положении сказал он чирикову когда левин растерянно поглядев на него подвинулся к невесте
1843	однако как глупеют люди в этом положении сказал он чирикову когда левин растерянно поглядев на него подвинулся к невесте
1862	я к ней иду по-французски сказал он внимательно вглядываясь в лицо голенищева
1862	я к ней иду по-французски сказал он внимательно вглядываясь в лицо голенищева
1880	он пошел к жене и насупившись
1880	никогда он с таким жаром и успехом не работал как когда жизнь его шла плохо и в особенности когда он ссорился с женой
1880	он пошел к жене и насупившись не глядя на нее спросил у старшей девочки где та бумага которую он дал им
1880	никогда он с таким жаром и успехом не работал как когда жизнь его шла плохо и в особенности когда он ссорился с женой
1882	и помирившись с женой он надел оливковое с бархатным воротничком пальто и шляпу и пошел в студию
1882	и помирившись с женой он надел оливковое с бархатным воротничком пальто и шляпу и пошел в студию
1916	заговорила она вскочила и побежала в гостиную
1916	заговорила она вскочила и побежала в гостиную
1921	левин пошел к брату
1921	левин пошел к брату
1925	и оправившись и совершенно забыв уже про марью николаевну он опять с кити пошел к брату
1925	левин должен был согласиться и оправившись и совершенно забыв уже про марью николаевну он опять с кити пошел к брату
1949	после обеда однако кити встала и пошла как всегда с работой к больному
1949	после обеда однако кити встала и пошла как всегда с работой к больному
1964	графиня лидия ивановна пошла на половину сережи и там обливая слезами щеки испуганного мальчика сказала ему что отец его святой и что мать его умерла
1964	графиня лидия ивановна пошла на половину сережи и там обливая слезами щеки испуганного мальчика сказала ему что отец его святой и что мать его умерла
1973	оставшись один алексей александрович опустил голову собирая мысли потом рассеянно оглянулся и пошел к двери у которой надеялся встретить графиню лидию ивановну
1973	оставшись один алексей александрович опустил голову собирая мысли потом рассеянно оглянулся и пошел к двери у которой надеялся встретить графиню лидию ивановну
1975	проходя сквозь строй насмешливых взглядов он естественно тянулся к ее влюбленному взгляду как растение к свету
1975	проходя сквозь строй насмешливых взглядов он естественно тянулся к ее влюбленному взгляду как растение к свету
1997	с своей стороны ничего не имел против этого и вместе с алексеем пошел к анне
1997	старший брат всегда уважавший суждения меньшего не знал хорошенько прав ли он или нет до тех пор пока свет не решил этого вопроса сам же с своей стороны ничего не имел против этого и вместе с алексеем пошел к анне
2007	она хотела что-то сказать но голос отказался произнести какие-нибудь звуки с виноватою мольбой взглянув на старика она быстрыми легкими шагами пошла на лестницу
2007	она хотела что-то сказать но голос отказался произнести какие-нибудь звуки с виноватою мольбой взглянув на старика она быстрыми легкими шагами пошла на лестницу
2012	все узнали что приехала барыня и что капитоныч пустил ее и что она теперь в детской а между тем барин всегда в девятом часу сам заходит в детскую и все
2013	алексей александрович сейчас выйдут пойдут в детскую
2013	алексей александрович сейчас выйдут пойдут в детскую
2015	она часто ходит ко мне и когда придет начал было он но остановился заметив что няня шепотом что-то сказала матери и что на лице матери выразились испуг и что-то похожее на стыд что так не шло к матери
2015	на стыд что так не шло к матери
2021	и перебирая события последних дней ей казалось что во всем она видела подтверждение этой страшной мысли и то что он вчера обедал не дома и то что он настоял на том чтоб они в петербурге остановились врознь и то что даже теперь шел к ней не один как бы избегая свиданья с глазу на глаз
2021	и то что он настоял на том чтоб они в петербурге остановились врознь и то что даже теперь шел к ней не один как бы избегая свиданья с глазу на глаз
2022	она позвонила девушку и пошла в уборную
2022	она позвонила девушку и пошла в уборную
2038	не успею очень жалко до другого раза сказал вронский и побежал вверх по лестнице в ложу брата
2038	не успею очень жалко до другого раза сказал вронский и побежал вверх по лестнице в ложу брата
2038	тревогу и надеясь узнать что-нибудь пошел в ложу брата
2040	она встала и пошла в глубь ложи
2040	она встала и пошла в глубь ложи
2049	как-нибудь устроится подумал он и пошел к амвону
2049	как-нибудь устроится подумал он и пошел к амвону
2072	однако как глупеют люди в этом положении сказал он чирикову когда левин растерянно поглядев на него подвинулся к невесте
2072	однако как глупеют люди в этом положении сказал он чирикову когда левин растерянно поглядев на него подвинулся к невесте
2094	я к ней иду по-французски сказал он внимательно вглядываясь в лицо голенищева
2094	я к ней иду по-французски сказал он внимательно вглядываясь в лицо голенищева
2113	он пошел к жене и насупившись
2113	никогда он с таким жаром и успехом не работал как когда жизнь его шла плохо и в особенности когда он ссорился с женой
2113	никогда он с таким жаром и успехом не работал как когда жизнь его шла плохо и в особенности когда он ссорился с женой
2115	и помирившись с женой он надел оливковое с бархатным воротничком пальто и шляпу и пошел в студию
2115	и помирившись с женой он надел оливковое с бархатным воротничком пальто и шляпу и пошел в студию
2153	заговорила она вскочила и побежала в гостиную
2153	заговорила она вскочила и побежала в гостиную
2158	сказал левин с досадой оглядываясь на господина который подрагивая ногами как будто по своему делу шел в это время по коридору
2159	левин пошел к брату
2159	левин пошел к брату
2163	и оправившись и совершенно забыв уже про марью николаевну он опять с кити пошел к брату
2189	после обеда однако кити встала и пошла как всегда с работой к больному
2189	после обеда однако кити встала и пошла как всегда с работой к больному
2205	графиня лидия ивановна пошла на половину сережи и там обливая слезами щеки испуганного мальчика сказала ему что отец его святой и что мать его умерла
2205	графиня лидия ивановна пошла на половину сережи и там обливая слезами щеки испуганного мальчика сказала ему что отец его святой и что мать его умерла
2215	оставшись один алексей александрович опустил голову собирая мысли потом рассеянно оглянулся и пошел к двери у которой надеялся встретить графиню лидию ивановну
2215	оставшись один алексей александрович опустил голову собирая мысли потом рассеянно оглянулся и пошел к двери у которой надеялся встретить графиню лидию ивановну
2217	проходя сквозь строй насмешливых взглядов он естественно тянулся к ее влюбленному взгляду как растение к свету
2217	проходя сквозь строй насмешливых взглядов он естественно тянулся к ее влюбленному взгляду как растение к свету
2242	с своей стороны ничего не имел против этого и вместе с алексеем пошел к анне
2253	она хотела что-то сказать но голос отказался произнести какие-нибудь звуки с виноватою мольбой взглянув на старика она быстрыми легкими шагами пошла на лестницу
2253	она хотела что-то сказать но голос отказался произнести какие-нибудь звуки с виноватою мольбой взглянув на старика она быстрыми легкими шагами пошла на лестницу
2258	все узнали что приехала барыня и что капитоныч пустил ее и что она теперь в детской а между тем барин всегда в девятом часу сам заходит в детскую и все понимали что встреча супругов невозможна и что надо помешать ей
2258	все узнали что приехала барыня и что капитоныч пустил ее и что она теперь в детской а между тем барин всегда в девятом часу сам заходит в детскую и все
2259	алексей александрович сейчас выйдут пойдут в детскую
2259	алексей александрович сейчас выйдут пойдут в детскую
2261	на стыд что так не шло к матери
2268	и то что он настоял на том чтоб они в петербурге остановились врознь и то что даже теперь шел к ней не один как бы избегая свиданья с глазу на глаз
2268	она позвонила девушку и пошла в уборную
2268	она позвонила девушку и пошла в уборную
2285	тревогу и надеясь узнать что-нибудь пошел в ложу брата
2285	не успею очень жалко до другого раза сказал вронский и побежал вверх по лестнице в ложу брата
2285	не успею очень жалко до другого раза сказал вронский и побежал вверх по лестнице в ложу брата
2285	зная что что-то случилось но не зная что именно вронский испытывал мучительную тревогу и надеясь узнать что-нибудь пошел в ложу брата
2288	она встала и пошла в глубь ложи
2288	она встала и пошла в глубь ложи
2303	когда они пошли пешком вперед других и вышли из виду дома на накатанную пыльную и усыпанную ржаными колосьями и зернами дорогу она крепче оперлась на его руку и прижала ее к себе
2303	когда они пошли пешком вперед других и вышли из виду дома на накатанную пыльную и усыпанную ржаными колосьями и зернами дорогу она крепче оперлась на его руку и прижала ее к себе
2310	пойду теперь независимо от всех собирать грибы а то мои приобретения незаметны сказал он и пошел один с опушки леса где они ходили по шелковистой низкой траве между редкими старыми березами в середину леса где между белыми березовыми стволами серели стволы осины и темнели кусты орешника
2325	шумно разговаривая все пошли в дом но как только все уселись левин повернулся и вышел
2325	шумно разговаривая все пошли в дом но как только все уселись левин повернулся и вышел
2327	мало того что шел таинственный разговор он видел в лице своей жены выражение серьезного чувства когда она не спуская глаз смотрела в красивое лицо васеньки что-то оживленно рассказывавшего
2327	мало того что шел таинственный разговор он видел в лице своей жены выражение серьезного чувства когда она не спуская глаз смотрела в красивое лицо васеньки что-то оживленно рассказывавшего
2342	не успели остановиться как собаки перегоняя одна другую уже летели к болоту
2342	не успели остановиться как собаки перегоняя одна другую уже летели к болоту
2344	он передал вожжи весловскому и пошел в болото
2344	он передал вожжи весловскому и пошел в болото
2345	выбирая место для ноги он подвигался к собаке
2345	выбирая место для ноги он подвигался к собаке
2348	отсюда оно идет направо где лошади ходят там кочки дупеля бывают и кругом этой осоки вон до того ольшаника и до самой мельницы
2348	отсюда оно идет направо где лошади ходят там кочки дупеля бывают и кругом этой осоки вон до того ольшаника и до самой мельницы
2351	ну теперь расходимся сказал степан аркадьич и прихрамывая на левую ногу и держа ружье наготове и посвистывая собаке пошел в одну сторону
2351	ну теперь расходимся сказал степан аркадьич и прихрамывая на левую ногу и держа ружье наготове и посвистывая собаке пошел в одну сторону
2354	и тотчас вся усталость исчезла и он легко пошел по трясине к собаке
2354	и тотчас вся усталость исчезла и он легко пошел по трясине к собаке
2357	умытые и чистые они пошли в подметенный сенной сарай где кучера приготовили господам постели
2357	умытые и чистые они пошли в подметенный сенной сарай где кучера приготовили господам постели
2365	он слышал как его лошади жевали сено потом как хозяин со старшим малым собирался и уехал в ночное потом слышал как солдат укладывался спать с другой стороны сарая с племянником маленьким сыном хозяина слышал как мальчик тоненьким голоском сообщил дяде свое впечатление о собаках которые казались мальчику страшными и огромными потом как мальчик расспрашивал кого будут ловить эти собаки и как солдат хриплым и сонным голосом говорил ему что завтра охотники пойдут в болото и будут палить из ружей и как потом чтоб отделаться от вопросов мальчика он сказал спи васька спи а то смотри и скоро сам захрапел и все затихло только слышно было ржание лошадей и каркание бекаса
2365	дяде свое впечатление о собаках которые казались мальчику страшными и огромными потом как мальчик расспрашивал кого будут ловить эти собаки и как солдат хриплым и сонным голосом говорил ему что завтра охотники пойдут в болото и будут палить из ружей и как потом чтоб отделаться от вопросов мальчика он сказал спи васька спи а то смотри и скоро сам захрапел и все затихло только слышно было ржание лошадей и каркание бекаса
2367	ласка весело бежала впереди по тропинке левин шел за нею быстрым легким шагом беспрестанно поглядывая на небо
2367	ласка весело бежала впереди по тропинке левин шел за нею быстрым легким шагом беспрестанно поглядывая на небо
2368	все они вылетали из-за плетня пчельника и над коноплей скрывались по направлению к болоту
2368	все они вылетали из-за плетня пчельника и над коноплей скрывались по направлению к болоту
2372	галки летели в поле и босоногий мальчишка уже подгонял лошадей к поднявшемуся из-под кафтана и почесывавшемуся старику
2372	галки летели в поле и босоногий мальчишка уже подгонял лошадей к поднявшемуся из-под кафтана и почесывавшемуся старику
2382	ну пойдем в сад
2382	ну пойдем в сад
2383	xv проводив жену наверх левин пошел на половину долли
2383	xv проводив жену наверх левин пошел на половину долли
2400	один из мужиков поднялся и пошел к коляске
2400	один из мужиков поднялся и пошел к коляске
2402	с представлением о верховой езде для дамы в понятии дарьи александровны соединялось представление молодого легкого кокетства которое по ее мнению не шло к положению анны но когда она рассмотрела ее вблизи она тотчас же примирилась с ее верховою ездой
2402	с представлением о верховой езде для дамы в понятии дарьи александровны соединялось представление молодого легкого кокетства которое по ее мнению не шло к положению анны но когда она рассмотрела ее вблизи она тотчас же примирилась с ее верховою ездой
2419	только тем что в такую неправильную семью как аннина не пошла бы хорошая дарья александровна и объяснила себе то что анна с своим знанием людей могла взять к своей девочке такую несимпатичную нереспектабельную англичанку
2419	только тем что в такую неправильную семью как аннина не пошла бы хорошая дарья александровна и объяснила себе то что анна с своим знанием людей могла взять к своей девочке такую несимпатичную нереспектабельную англичанку
2422	весловский и тушкевич пошли в купальню и там обещали приготовить лодку и подождать
2422	весловский и тушкевич пошли в купальню и там обещали приготовить лодку и подождать
2436	долли пошла в свою комнату и ей стало смешно
2436	они встали и пошли к дому
2436	они встали и пошли к дому
2436	долли пошла в свою комнату и ей стало смешно
2460	анна между тем вернувшись в свой кабинет взяла рюмку и накапала в нее несколько капель лекарства в котором важную часть составлял морфин и выпив и посидев несколько времени неподвижно с успокоенным и веселым духом пошла в спальню
2460	анна между тем вернувшись в свой кабинет взяла рюмку и накапала в нее несколько капель лекарства в котором важную часть составлял морфин и выпив и посидев несколько времени неподвижно с успокоенным и веселым духом пошла в спальню
2473	окончив речь губернатор пошел из залы и дворяне шумно и оживленно некоторые даже восторженно последовали за ним и окружили его в то время как он надевал шубу и дружески разговаривал
2473	окончив речь губернатор пошел из залы и дворяне шумно и оживленно некоторые даже восторженно последовали за ним и окружили его в то время как он надевал шубу и дружески разговаривал с губернским предводителем
2498	уездные предводители заходили с тарелочками в которых были шары от своих столов к губернскому и начались выборы
2498	уездные предводители заходили с тарелочками в которых были шары от своих столов к губернскому и начались выборы
2500	съев котлетку с фасолью и поговорив с лакеем о прежних господах левин не желая входить в залу где ему было так неприятно пошел пройтись на хоры
2500	съев котлетку с фасолью и поговорив с лакеем о прежних господах левин не желая входить в залу где ему было так неприятно пошел пройтись на хоры
2502	и тяжело вздохнув губернский предводитель устало шмыгая в своих белых панталонах опустив голову пошел по средине залы к большому столу
2502	и тяжело вздохнув губернский предводитель устало шмыгая в своих белых панталонах опустив голову пошел по средине залы к большому столу
2503	когда неведовский пошел из залы толпа окружила его и восторженно следовала за ним так же как она следовала в первый день за губернатором открывшим выборы и так же как она следовала за снетковым когда тот был выбран
2503	когда неведовский пошел из залы толпа окружила его и восторженно следовала за ним так же как она следовала в первый день за губернатором открывшим выборы и так же как она следовала за снетковым когда тот был выбран
2530	когда они пошли пешком вперед других и вышли из виду дома на накатанную пыльную и усыпанную ржаными колосьями и зернами дорогу она крепче оперлась на его руку и прижала ее к себе
2530	когда они пошли пешком вперед других и вышли из виду дома на накатанную пыльную и усыпанную ржаными колосьями и зернами дорогу она крепче оперлась на его руку и прижала ее к себе
2553	шумно разговаривая все пошли в дом но как только все уселись левин повернулся и вышел
2553	шумно разговаривая все пошли в дом но как только все уселись левин повернулся и вышел
2555	мало того что шел таинственный разговор он видел в лице своей жены выражение серьезного чувства когда она не спуская глаз смотрела в красивое лицо васеньки что-то оживленно рассказывавшего
2555	мало того что шел таинственный разговор он видел в лице своей жены выражение серьезного чувства когда она не спуская глаз смотрела в красивое лицо васеньки что-то оживленно рассказывавшего
2571	не успели остановиться как собаки перегоняя одна другую уже летели к болоту
2571	не успели остановиться как собаки перегоняя одна другую уже летели к болоту
2573	он передал вожжи весловскому и пошел в болото
2573	он передал вожжи весловскому и пошел в болото
2574	выбирая место для ноги он подвигался к собаке
2574	выбирая место для ноги он подвигался к собаке
2577	отсюда оно идет направо где лошади ходят там кочки дупеля бывают и кругом этой осоки вон до того ольшаника и до самой мельницы
2577	отсюда оно идет направо где лошади ходят там кочки дупеля бывают и кругом этой осоки вон до того ольшаника и до самой мельницы
2580	ну теперь расходимся сказал степан аркадьич и прихрамывая на левую ногу и держа ружье наготове и посвистывая собаке пошел в одну сторону
2580	ну теперь расходимся сказал степан аркадьич и прихрамывая на левую ногу и держа ружье наготове и посвистывая собаке пошел в одну сторону
2583	и тотчас вся усталость исчезла и он легко пошел по трясине к собаке
2583	и тотчас вся усталость исчезла и он легко пошел по трясине к собаке
2586	умытые и чистые они пошли в подметенный сенной сарай где кучера приготовили господам постели
2586	умытые и чистые они пошли в подметенный сенной сарай где кучера приготовили господам постели
2595	дяде свое впечатление о собаках которые казались мальчику страшными и огромными потом как мальчик расспрашивал кого будут ловить эти собаки и как солдат хриплым и сонным голосом говорил ему что завтра охотники пойдут в болото и будут палить из ружей и как потом чтоб отделаться от вопросов мальчика он сказал спи васька спи а то смотри и скоро сам захрапел и все затихло только слышно было ржание лошадей и каркание бекаса
2597	ласка весело бежала впереди по тропинке левин шел за нею быстрым легким шагом беспрестанно поглядывая на небо
2597	ласка весело бежала впереди по тропинке левин шел за нею быстрым легким шагом беспрестанно поглядывая на небо
2598	все они вылетали из-за плетня пчельника и над коноплей скрывались по направлению к болоту
2598	все они вылетали из-за плетня пчельника и над коноплей скрывались по направлению к болоту
2602	галки летели в поле и босоногий мальчишка уже подгонял лошадей к поднявшемуся из-под кафтана и почесывавшемуся старику
2602	галки летели в поле и босоногий мальчишка уже подгонял лошадей к поднявшемуся из-под кафтана и почесывавшемуся старику
2613	ну пойдем в сад
2613	ну пойдем в сад
2615	xv проводив жену наверх левин пошел на половину долли
2615	xv проводив жену наверх левин пошел на половину долли
2634	один из мужиков поднялся и пошел к коляске
2634	один из мужиков поднялся и пошел к коляске
2636	с представлением о верховой езде для дамы в понятии дарьи александровны соединялось представление молодого легкого кокетства которое по ее мнению не шло к положению анны но когда она рассмотрела ее вблизи она тотчас же примирилась с ее верховою ездой
2636	с представлением о верховой езде для дамы в понятии дарьи александровны соединялось представление молодого легкого кокетства которое по ее мнению не шло к положению анны но когда она рассмотрела ее вблизи она тотчас же примирилась с ее верховою ездой
2654	только тем что в такую неправильную семью как аннина не пошла бы хорошая дарья александровна и объяснила себе то что анна с своим знанием людей могла взять к своей девочке такую несимпатичную нереспектабельную англичанку
2654	только тем что в такую неправильную семью как аннина не пошла бы хорошая дарья александровна и объяснила себе то что анна с своим знанием людей могла взять к своей девочке такую несимпатичную нереспектабельную англичанку
2657	весловский и тушкевич пошли в купальню и там обещали приготовить лодку и подождать
2657	весловский и тушкевич пошли в купальню и там обещали приготовить лодку и подождать
2672	они встали и пошли к дому
2672	они встали и пошли к дому
2673	долли пошла в свою комнату и ей стало смешно
2673	долли пошла в свою комнату и ей стало смешно
2697	анна между тем вернувшись в свой кабинет взяла рюмку и накапала в нее несколько капель лекарства в котором важную часть составлял морфин и выпив и посидев несколько времени неподвижно с успокоенным и веселым духом пошла в спальню
2697	анна между тем вернувшись в свой кабинет взяла рюмку и накапала в нее несколько капель лекарства в котором важную часть составлял морфин и выпив и посидев несколько времени неподвижно с успокоенным и веселым духом пошла в спальню
2711	окончив речь губернатор пошел из залы и дворяне шумно и оживленно некоторые даже восторженно последовали за ним и окружили его в то время как он надевал шубу и дружески разговаривал
2738	уездные предводители заходили с тарелочками в которых были шары от своих столов к губернскому и начались выборы
2738	уездные предводители заходили с тарелочками в которых были шары от своих столов к губернскому и начались выборы
2740	съев котлетку с фасолью и поговорив с лакеем о прежних господах левин не желая входить в залу где ему было так неприятно пошел пройтись на хоры
2740	съев котлетку с фасолью и поговорив с лакеем о прежних господах левин не желая входить в залу где ему было так неприятно пошел пройтись на хоры
2742	и тяжело вздохнув губернский предводитель устало шмыгая в своих белых панталонах опустив голову пошел по средине залы к большому столу
2742	и тяжело вздохнув губернский предводитель устало шмыгая в своих белых панталонах опустив голову пошел по средине залы к большому столу
2743	когда неведовский пошел из залы толпа окружила его и восторженно следовала за ним так же как она следовала в первый день за губернатором открывшим выборы и так же как она следовала за снетковым когда тот был выбран
2743	когда неведовский пошел из залы толпа окружила его и восторженно следовала за ним так же как она следовала в первый день за губернатором открывшим выборы и так же как она следовала за снетковым когда тот был выбран
2794	левин встал и пошел с ним к большому столу уставленному водками и самыми разнообразными закусками
2794	левин встал и пошел с ним к большому столу уставленному водками и самыми разнообразными закусками
2797	viii выйдя из-за стола левин чувствуя что у него на ходьбе особенно правильно и легко мотаются руки пошел с гагиным через высокие комнаты к бильярдной
2797	viii выйдя из-за стола левин чувствуя что у него на ходьбе особенно правильно и легко мотаются руки пошел с гагиным через высокие комнаты к бильярдной
2802	левин подошел к столу заплатил проигранные им на тузы сорок рублей заплатил каким-то таинственным образом известные старичку лакею стоявшему у притолоки расходы по клубу и особенно размахивая руками пошел по всем залам к выходу
2805	левин шел за ним все более и более сомневаясь в том хорошо или дурно он делает
2805	левин шел за ним все более и более сомневаясь в том хорошо или дурно он делает
2806	в то время как степан аркадьич заходил за трельяж и говоривший мужской голос замолк левин смотрел на портрет в блестящем освещении выступавший из рамы и не мог оторваться от него
2806	в то время как степан аркадьич заходил за трельяж и говоривший мужской голос замолк левин смотрел на портрет в блестящем освещении выступавший из рамы и не мог оторваться от него
2816	и решив что он это непременно сделает завтра пошел к жене
2816	и решив что он это непременно сделает завтра пошел к жене
2832	этого левин уже не мог выдержать он решительно вырвал у него из рук пузырек и побежал в большие стеклянные двери
2832	этого левин уже не мог выдержать он решительно вырвал у него из рук пузырек и побежал в большие стеклянные двери
2832	лакей согласился пошел наверх и попросил левина в приемную
2832	лакей согласился пошел наверх и попросил левина в приемную
2834	у меня есть пациентка так ее муж при этом всегда убегает в конюшню
2834	у меня есть пациентка так ее муж при этом всегда убегает в конюшню
2839	одно вне ее присутствия с доктором курившим одну толстую папироску за другою и тушившим их о край полной пепельницы с долли и с князем где шла речь об обеде о политике о болезни марьи петровны и где левин вдруг на минуту совершенно забывал что происходило и чувствовал себя точно проснувшимся и другое настроение в ее присутствии у ее изголовья где сердце хотело разорваться и все не разрывалось от сострадания и он не переставая молился богу
2839	одно вне ее присутствия с доктором курившим одну толстую папироску за другою и тушившим их о край полной пепельницы с долли и с князем где шла речь об обеде о политике о болезни марьи петровны и где левин вдруг на минуту совершенно забывал что происходило и чувствовал себя точно проснувшимся и другое настроение в ее присутствии у ее изголовья где сердце хотело разорваться и все не разрывалось от сострадания и он не переставая молился богу
2866	у нас теперь идет железная дорога сказал он отвечая на его вопрос
2866	у нас теперь идет железная дорога сказал он отвечая на его вопрос
2886	он был так пьян что не мог войти на лестницу но он велел себя поставить на ноги увидав степана аркадьича и уцепившись за него пошел с ним в его комнату и там стал рассказывать ему про то как он провел вечер и тут же заснул
2886	он был так пьян что не мог войти на лестницу но он велел себя поставить на ноги увидав степана аркадьича и уцепившись за него пошел с ним в его комнату и там стал рассказывать ему про то как он провел вечер и тут же заснул
2913	и чтобы спастись от своего страха она поспешно пошла в кабинет к нему
2913	и чтобы спастись от своего страха она поспешно пошла в кабинет к нему
2918	она боялась оставаться одна теперь и вслед за человеком вышла из комнаты и пошла в детскую
2918	она боялась оставаться одна теперь и вслед за человеком вышла из комнаты и пошла в детскую
2920	что это я с ума схожу и она пошла в спальню где аннушка убирала комнату
2920	что это я с ума схожу и она пошла в спальню где аннушка убирала комнату
2921	но никто не шел на лестницу и внизу слышны были голоса
2921	но никто не шел на лестницу и внизу слышны были голоса
2936	мы именно шли навстречу до связи а потом неудержимо расходимся в разные стороны
2936	мы именно шли навстречу до связи а потом неудержимо расходимся в разные стороны
2944	она ускорила шаг и отошла от них к краю платформы
2944	быстрым легким шагом спустившись по ступенькам которые шли от водокачки к рельсам она остановилась подле вплоть мимо ее проходящего поезда
2944	она ускорила шаг и отошла от них к краю платформы
2944	быстрым легким шагом спустившись по ступенькам которые шли от водокачки к рельсам она остановилась подле вплоть мимо ее проходящего поезда
2986	левин встал и пошел с ним к большому столу уставленному водками и самыми разнообразными закусками
2986	левин встал и пошел с ним к большому столу уставленному водками и самыми разнообразными закусками
2990	viii выйдя из-за стола левин чувствуя что у него на ходьбе особенно правильно и легко мотаются руки пошел с гагиным через высокие комнаты к бильярдной
2990	viii выйдя из-за стола левин чувствуя что у него на ходьбе особенно правильно и легко мотаются руки пошел с гагиным через высокие комнаты к бильярдной
2999	левин шел за ним все более и более сомневаясь в том хорошо или дурно он делает
2999	левин шел за ним все более и более сомневаясь в том хорошо или дурно он делает
3000	в то время как степан аркадьич заходил за трельяж и говоривший мужской голос замолк левин смотрел на портрет в блестящем освещении выступавший из рамы и не мог оторваться от него
3000	в то время как степан аркадьич заходил за трельяж и говоривший мужской голос замолк левин смотрел на портрет в блестящем освещении выступавший из рамы и не мог оторваться от него
3011	и решив что он это непременно сделает завтра пошел к жене
3011	и решив что он это непременно сделает завтра пошел к жене
3028	лакей согласился пошел наверх и попросил левина в приемную
3028	этого левин уже не мог выдержать он решительно вырвал у него из рук пузырек и побежал в большие стеклянные двери
3028	лакей согласился пошел наверх и попросил левина в приемную
3028	этого левин уже не мог выдержать он решительно вырвал у него из рук пузырек и побежал в большие стеклянные двери
3030	у меня есть пациентка так ее муж при этом всегда убегает в конюшню
3030	у меня есть пациентка так ее муж при этом всегда убегает в конюшню
3035	одно вне ее присутствия с доктором курившим одну толстую папироску за другою и тушившим их о край полной пепельницы с долли и с князем где шла речь об обеде о политике о болезни марьи петровны и где левин вдруг на минуту совершенно забывал что происходило и чувствовал себя точно проснувшимся и другое настроение в ее присутствии у ее изголовья где сердце хотело разорваться и все не разрывалось от сострадания и он не переставая молился богу
3035	одно вне ее присутствия с доктором курившим одну толстую папироску за другою и тушившим их о край полной пепельницы с долли и с князем где шла речь об обеде о политике о болезни марьи петровны и где левин вдруг на минуту совершенно забывал что происходило и чувствовал себя точно проснувшимся и другое настроение в ее присутствии у ее изголовья где сердце хотело разорваться и все не разрывалось от сострадания и он не переставая молился богу
3064	у нас теперь идет железная дорога сказал он отвечая на его вопрос
3064	у нас теперь идет железная дорога сказал он отвечая на его вопрос
3085	он был так пьян что не мог войти на лестницу но он велел себя поставить на ноги увидав степана аркадьича и уцепившись за него пошел с ним в его комнату и там стал рассказывать ему про то как он провел вечер и тут же заснул
3085	он был так пьян что не мог войти на лестницу но он велел себя поставить на ноги увидав степана аркадьича и уцепившись за него пошел с ним в его комнату и там стал рассказывать ему про то как он провел вечер и тут же заснул
3114	и чтобы спастись от своего страха она поспешно пошла в кабинет к нему
3114	и чтобы спастись от своего страха она поспешно пошла в кабинет к нему
3119	она боялась оставаться одна теперь и вслед за человеком вышла из комнаты и пошла в детскую
3119	она боялась оставаться одна теперь и вслед за человеком вышла из комнаты и пошла в детскую
3121	что это я с ума схожу и она пошла в спальню где аннушка убирала комнату
3121	что это я с ума схожу и она пошла в спальню где аннушка убирала комнату
3122	но никто не шел на лестницу и внизу слышны были голоса
3122	но никто не шел на лестницу и внизу слышны были голоса
3138	мы именно шли навстречу до связи а потом неудержимо расходимся в разные стороны
3138	мы именно шли навстречу до связи а потом неудержимо расходимся в разные стороны
3147	быстрым легким шагом спустившись по ступенькам которые шли от водокачки к рельсам она остановилась подле вплоть мимо ее проходящего поезда
3147	она ускорила шаг и отошла от них к краю платформы
3147	быстрым легким шагом спустившись по ступенькам которые шли от водокачки к рельсам она остановилась подле вплоть мимо ее проходящего поезда
3147	она ускорила шаг и отошла от них к краю платформы
3165	iv во время остановки в губернском городе сергей иванович не пошел в буфет а стал ходить взад и вперед по платформе
3165	на большой станции в городе опять пение и крики встретили добровольцев опять явились с кружками сборщицы и сборщики и губернские дамы поднесли букеты добровольцам и пошли за ними в буфет но все это было уже гораздо слабее и меньше чем в москве
3165	iv во время остановки в губернском городе сергей иванович не пошел в буфет а стал ходить взад и вперед по платформе
3165	на большой станции в городе опять пение и крики встретили добровольцев опять явились с кружками сборщицы и сборщики и губернские дамы поднесли букеты добровольцам и пошли за ними в буфет но все это было уже гораздо слабее и меньше чем в москве
3173	он пошел на хутор
3173	он пошел на хутор
3174	и она чувствуя прилив молока скорым шагом пошла в детскую
3174	и она чувствуя прилив молока скорым шагом пошла в детскую
3197	проговорил левин задыхаясь от волнения и повернувшись взял свою палку и быстро пошел прочь к дому
3198	xii левин шел большими шагами по большой дороге прислушиваясь не столько к своим мыслям он не мог еще разобрать их сколько к душевному состоянию прежде никогда им не испытанному
3198	xii левин шел большими шагами по большой дороге прислушиваясь не столько к своим мыслям он не мог еще разобрать их сколько к душевному состоянию прежде никогда им не испытанному
3211	и мама идет и дедушка и сергей иваныч и еще кто-то говорили они влезая на тележку
3215	дойдя по узкой тропинке до нескошенной полянки покрытой с одной стороны сплошной яркой иван-да-марьей среди которой часто разрослись темно-зеленые высокие кусты чемерицы левин поместил своих гостей в густой свежей тени молодых осинок на скамейке и обрубках нарочно приготовленных для посетителей пчельника боящихся пчел а сам пошел на осек чтобы принести детям и большим хлеба огурцов и свежего меда
3215	дойдя по узкой тропинке до нескошенной полянки покрытой с одной стороны сплошной яркой иван-да-марьей среди которой часто разрослись темно-зеленые высокие кусты чемерицы левин поместил своих гостей в густой свежей тени молодых осинок на скамейке и обрубках нарочно приготовленных для посетителей пчельника боящихся пчел а сам пошел на осек чтобы принести детям и большим хлеба огурцов и свежего меда
3231	белый занавес проливного дождя уже захватывал весь дальний лес и половину ближнего поля и быстро подвигался к колку
3231	белый занавес проливного дождя уже захватывал весь дальний лес и половину ближнего поля и быстро подвигался к колку
3235	так как это случалось только при важных случаях левин пошел в детскую
3235	о перерыве интересного разговора и вместе с тем беспокоясь о том зачем его звали так как это случалось только при важных случаях левин пошел в детскую
3236	он шел через террасу и смотрел на выступавшие две звезды на потемневшем уже небе и вдруг вспомнил да глядя на небо я думал о том что свод который я вижу не есть неправда и при этом что-то я недодумал что-то я скрыл от себя подумал он
3236	он шел через террасу и смотрел на выступавшие две звезды на потемневшем уже небе и вдруг вспомнил да глядя на небо я думал о том что свод который я вижу не есть неправда и при этом что-то я недодумал что-то я скрыл от себя подумал он
3260	iv во время остановки в губернском городе сергей иванович не пошел в буфет а стал ходить взад и вперед по платформе
3260	на большой станции в городе опять пение и крики встретили добровольцев опять явились с кружками сборщицы и сборщики и губернские дамы поднесли букеты добровольцам и пошли за ними в буфет но все это было уже гораздо слабее и меньше чем в москве
3260	на большой станции в городе опять пение и крики встретили добровольцев опять явились с кружками сборщицы и сборщики и губернские дамы поднесли букеты добровольцам и пошли за ними в буфет но все это было уже гораздо слабее и меньше чем в москве
3260	iv во время остановки в губернском городе сергей иванович не пошел в буфет а стал ходить взад и вперед по платформе
3269	он пошел на хутор
3269	он пошел на хутор
3270	и она чувствуя прилив молока скорым шагом пошла в детскую
3270	и она чувствуя прилив молока скорым шагом пошла в детскую
3298	xii левин шел большими шагами по большой дороге прислушиваясь не столько к своим мыслям он не мог еще разобрать их сколько к душевному состоянию прежде никогда им не испытанному
3298	xii левин шел большими шагами по большой дороге прислушиваясь не столько к своим мыслям он не мог еще разобрать их сколько к душевному состоянию прежде никогда им не испытанному
3316	дойдя по узкой тропинке до нескошенной полянки покрытой с одной стороны сплошной яркой иван-да-марьей среди которой часто разрослись темно-зеленые высокие кусты чемерицы левин поместил своих гостей в густой свежей тени молодых осинок на скамейке и обрубках нарочно приготовленных для посетителей пчельника боящихся пчел а сам пошел на осек чтобы принести детям и большим хлеба огурцов и свежего меда
3316	дойдя по узкой тропинке до нескошенной полянки покрытой с одной стороны сплошной яркой иван-да-марьей среди которой часто разрослись темно-зеленые высокие кусты чемерицы левин поместил своих гостей в густой свежей тени молодых осинок на скамейке и обрубках нарочно приготовленных для посетителей пчельника боящихся пчел а сам пошел на осек чтобы принести детям и большим хлеба огурцов и свежего меда
3333	левин схватил пледы и побежал в колок
3334	белый занавес проливного дождя уже захватывал весь дальний лес и половину ближнего поля и быстро подвигался к колку
3334	белый занавес проливного дождя уже захватывал весь дальний лес и половину ближнего поля и быстро подвигался к колку
3338	так как это случалось только при важных случаях левин пошел в детскую
3339	он шел через террасу и смотрел на выступавшие две звезды на потемневшем уже небе и вдруг вспомнил да глядя на небо я думал о том что свод который я вижу не есть неправда и при этом что-то я недодумал что-то я скрыл от себя подумал он
3339	он шел через террасу и смотрел на выступавшие две звезды на потемневшем уже небе и вдруг вспомнил да глядя на небо я думал о том что свод который я вижу не есть неправда и при этом что-то я недодумал что-то я скрыл от себя подумал он
